Id,StudentName,Marks,Type
"1         "," AHMED                                            ",100," Male                                             "
"1         "," AHMED                                            ",100," Male                                             "
"1         "," AHMED                                            ",100," Male                                             "
"1         "," AHMED                                            ",100," Male                                             "
"1         "," AHMED                                            ",100," Male                                             "
"1         "," AHMED                                            ",100," Male                                             "
"1         "," AHMED                                            ",100," Male                                             "
"1         "," AHMED                                            ",100," Male                                             "
"1         "," AHMED                                            ",100," Male                                             "
"1         "," AHMED                                            ",100," Male                                             "
"1         "," AHMED                                            ",100," Male                                             "
"1         "," AHMED                                            ",100," Male                                             "
"1         "," AHMED                                            ",100," Male                                             "
"1         "," AHMED                                            ",100," Male                                             "
"1         "," AHMED                                            ",100," Male                                             "
"1         "," AHMED                                            ",100," Male                                             "
"1         "," AHMED                                            ",100," Male                                             "
"1         "," AHMED                                            ",100," Male                                             "
"1         "," AHMED                                            ",100," Male                                             "
"1         "," AHMED                                            ",100," Male                                             "
"1         "," AHMED                                            ",100," Male                                             "
"1         "," AHMED                                            ",100," Male                                             "
"1         "," AHMED                                            ",100," Male                                             "
"1         "," AHMED                                            ",100," Male                                             "
"1         "," AHMED                                            ",100," Male                                             "
"1         "," AHMED                                            ",100," Male                                             "
"1         "," AHMED                                            ",100," Male                                             "
"1         "," AHMED                                            ",100," Male                                             "
"1         "," AHMED                                            ",100," Male                                             "
"1         "," AHMED                                            ",100," Male                                             "
"1         "," AHMED                                            ",100," Male                                             "
"1         "," AHMED                                            ",100," Male                                             "
